game_id,language,n_rounds_is_known,max_rounds,played_rounds,agents_communicate,agent1_name,agent1_llm,agent1_personality,agent1_knows_opponent_with_prob,agent1_strategies,agent1_scores,agent1_messages,agent2_name,agent2_llm,agent2_personality,agent2_knows_opponent_with_prob,agent2_strategies,agent2_scores,agent2_messages,agent3_name,agent3_llm,agent3_personality,agent3_knows_opponent_with_prob,agent3_strategies,agent3_scores,agent3_messages,agent1NoiseRate,agent2NoiseRate,experiment_run_id
game_0,en,True,5,5,False,agent1,MockLLM,None,0,"['Keep', 'Contribute', 'Contribute', 'Contribute', 'Contribute']","[23.3, 13.3, 20.0, 20.0, 13.3]",[],agent2,MockLLM,None,0,"['Contribute', 'Keep', 'Contribute', 'Contribute', 'Contribute']","[13.3, 23.3, 20.0, 20.0, 13.3]",[],agent3,MockLLM,None,0,"['Contribute', 'Contribute', 'Contribute', 'Contribute', 'Keep']","[13.3, 13.3, 20.0, 20.0, 23.3]",[],0.0,0.0,0
game_1,vn,True,5,5,False,agent1,MockLLM,Không có,0,"['Giữ lại', 'Đóng góp', 'Đóng góp', 'Đóng góp', 'Đóng góp']","[10.0, 20.0, 20.0, 13.3, 13.3]",[],agent2,MockLLM,Không có,0,"['Giữ lại', 'Đóng góp', 'Đóng góp', 'Giữ lại', 'Giữ lại']","[10.0, 20.0, 20.0, 23.3, 23.3]",[],agent3,MockLLM,Không có,0,"['Giữ lại', 'Đóng góp', 'Đóng góp', 'Đóng góp', 'Đóng góp']","[10.0, 20.0, 20.0, 13.3, 13.3]",[],0.0,0.0,0
game_2,fr,True,5,5,False,agent1,MockLLM,Aucun,0,"['Contribuer', 'Contribuer', 'Garder', 'Garder', 'Contribuer']","[20.0, 13.3, 23.3, 16.7, 13.3]",[],agent2,MockLLM,Aucun,0,"['Contribuer', 'Contribuer', 'Contribuer', 'Contribuer', 'Contribuer']","[20.0, 13.3, 13.3, 6.7, 13.3]",[],agent3,MockLLM,Aucun,0,"['Contribuer', 'Garder', 'Contribuer', 'Garder', 'Garder']","[20.0, 23.3, 13.3, 16.7, 23.3]",[],0.0,0.0,0
game_3,it,True,5,5,False,agent1,MockLLM,Nessuno,0,"['Tenere', 'Tenere', 'Contribuire', 'Tenere', 'Tenere']","[16.7, 16.7, 13.3, 23.3, 10.0]",[],agent2,MockLLM,Nessuno,0,"['Contribuire', 'Contribuire', 'Contribuire', 'Contribuire', 'Tenere']","[6.7, 6.7, 13.3, 13.3, 10.0]",[],agent3,MockLLM,Nessuno,0,"['Tenere', 'Tenere', 'Tenere', 'Contribuire', 'Tenere']","[16.7, 16.7, 23.3, 13.3, 10.0]",[],0.0,0.0,0
game_4,cn,True,5,5,False,agent1,MockLLM,无,0,"['贡献', '保留', '贡献', '保留', '保留']","[6.7, 16.7, 13.3, 10.0, 16.7]",[],agent2,MockLLM,无,0,"['保留', '保留', '保留', '保留', '贡献']","[16.7, 16.7, 23.3, 10.0, 6.7]",[],agent3,MockLLM,无,0,"['保留', '贡献', '贡献', '保留', '保留']","[16.7, 6.7, 13.3, 10.0, 16.7]",[],0.0,0.0,0
game_5,ar,True,5,5,False,agent1,MockLLM,لا شيء,0,"['مساهمة', 'مساهمة', 'مساهمة', 'احتفاظ', 'احتفاظ']","[6.7, 13.3, 13.3, 16.7, 10.0]",[],agent2,MockLLM,لا شيء,0,"['احتفاظ', 'احتفاظ', 'احتفاظ', 'مساهمة', 'احتفاظ']","[16.7, 23.3, 23.3, 6.7, 10.0]",[],agent3,MockLLM,لا شيء,0,"['احتفاظ', 'مساهمة', 'مساهمة', 'احتفاظ', 'احتفاظ']","[16.7, 13.3, 13.3, 16.7, 10.0]",[],0.0,0.0,0
game_1,vn,True,5,5,False,agent1,MockLLM,Không có,0,"['Đóng góp', 'Giữ lại', 'Giữ lại', 'Giữ lại', 'Giữ lại']","[6.7, 10.0, 10.0, 16.7, 23.3]",[],agent2,MockLLM,Không có,0,"['Giữ lại', 'Giữ lại', 'Giữ lại', 'Đóng góp', 'Đóng góp']","[16.7, 10.0, 10.0, 6.7, 13.3]",[],agent3,MockLLM,Không có,0,"['Giữ lại', 'Giữ lại', 'Giữ lại', 'Giữ lại', 'Đóng góp']","[16.7, 10.0, 10.0, 16.7, 13.3]",[],0.0,0.1,1
game_0,en,True,5,5,False,agent1,MockLLM,None,0,"['Contribute', 'Keep', 'Contribute', 'Keep', 'Keep']","[13.3, 16.7, 13.3, 16.7, 16.7]",[],agent2,MockLLM,None,0,"['Contribute', 'Keep', 'Keep', 'Keep', 'Contribute']","[13.3, 16.7, 23.3, 16.7, 6.7]",[],agent3,MockLLM,None,0,"['Keep', 'Contribute', 'Contribute', 'Contribute', 'Keep']","[23.3, 6.7, 13.3, 6.7, 16.7]",[],0.0,0.1,1
game_3,it,True,5,5,False,agent1,MockLLM,Nessuno,0,"['Contribuire', 'Contribuire', 'Contribuire', 'Tenere', 'Contribuire']","[6.7, 13.3, 13.3, 23.3, 13.3]",[],agent2,MockLLM,Nessuno,0,"['Tenere', 'Contribuire', 'Tenere', 'Contribuire', 'Contribuire']","[16.7, 13.3, 23.3, 13.3, 13.3]",[],agent3,MockLLM,Nessuno,0,"['Tenere', 'Tenere', 'Contribuire', 'Contribuire', 'Tenere']","[16.7, 23.3, 13.3, 13.3, 23.3]",[],0.0,0.1,1
game_2,fr,True,5,5,False,agent1,MockLLM,Aucun,0,"['Garder', 'Garder', 'Garder', 'Contribuer', 'Garder']","[16.7, 16.7, 16.7, 13.3, 10.0]",[],agent2,MockLLM,Aucun,0,"['Contribuer', 'Garder', 'Garder', 'Garder', 'Garder']","[6.7, 16.7, 16.7, 23.3, 10.0]",[],agent3,MockLLM,Aucun,0,"['Garder', 'Contribuer', 'Contribuer', 'Contribuer', 'Garder']","[16.7, 6.7, 6.7, 13.3, 10.0]",[],0.0,0.1,1
game_4,cn,True,5,5,False,agent1,MockLLM,无,0,"['保留', '贡献', '贡献', '保留', '保留']","[16.7, 20.0, 6.7, 16.7, 16.7]",[],agent2,MockLLM,无,0,"['贡献', '贡献', '保留', '保留', '保留']","[6.7, 20.0, 16.7, 16.7, 16.7]",[],agent3,MockLLM,无,0,"['保留', '贡献', '保留', '贡献', '贡献']","[16.7, 20.0, 16.7, 6.7, 6.7]",[],0.0,0.1,1
game_5,ar,True,5,5,False,agent1,MockLLM,لا شيء,0,"['مساهمة', 'احتفاظ', 'احتفاظ', 'مساهمة', 'مساهمة']","[13.3, 23.3, 10.0, 13.3, 6.7]",[],agent2,MockLLM,لا شيء,0,"['مساهمة', 'مساهمة', 'احتفاظ', 'مساهمة', 'احتفاظ']","[13.3, 13.3, 10.0, 13.3, 16.7]",[],agent3,MockLLM,لا شيء,0,"['احتفاظ', 'مساهمة', 'احتفاظ', 'احتفاظ', 'احتفاظ']","[23.3, 13.3, 10.0, 23.3, 16.7]",[],0.0,0.1,1
game_1,vn,True,5,5,False,agent1,MockLLM,Không có,0,"['Giữ lại', 'Giữ lại', 'Giữ lại', 'Đóng góp', 'Giữ lại']","[10.0, 23.3, 16.7, 6.7, 23.3]",[],agent2,MockLLM,Không có,0,"['Giữ lại', 'Đóng góp', 'Đóng góp', 'Giữ lại', 'Đóng góp']","[10.0, 13.3, 6.7, 16.7, 13.3]",[],agent3,MockLLM,Không có,0,"['Giữ lại', 'Đóng góp', 'Giữ lại', 'Giữ lại', 'Đóng góp']","[10.0, 13.3, 16.7, 16.7, 13.3]",[],0.0,0.2,2
game_0,en,True,5,5,False,agent1,MockLLM,None,0,"['Contribute', 'Contribute', 'Keep', 'Keep', 'Contribute']","[13.3, 13.3, 16.7, 23.3, 13.3]",[],agent2,MockLLM,None,0,"['Contribute', 'Contribute', 'Keep', 'Contribute', 'Keep']","[13.3, 13.3, 16.7, 13.3, 23.3]",[],agent3,MockLLM,None,0,"['Keep', 'Keep', 'Contribute', 'Contribute', 'Contribute']","[23.3, 23.3, 6.7, 13.3, 13.3]",[],0.0,0.2,2
game_2,fr,True,5,5,False,agent1,MockLLM,Aucun,0,"['Garder', 'Garder', 'Contribuer', 'Garder', 'Garder']","[16.7, 16.7, 13.3, 23.3, 16.7]",[],agent2,MockLLM,Aucun,0,"['Garder', 'Garder', 'Garder', 'Contribuer', 'Contribuer']","[16.7, 16.7, 23.3, 13.3, 6.7]",[],agent3,MockLLM,Aucun,0,"['Contribuer', 'Contribuer', 'Contribuer', 'Contribuer', 'Garder']","[6.7, 6.7, 13.3, 13.3, 16.7]",[],0.0,0.2,2
game_3,it,True,5,5,False,agent1,MockLLM,Nessuno,0,"['Contribuire', 'Contribuire', 'Tenere', 'Tenere', 'Tenere']","[13.3, 13.3, 16.7, 23.3, 23.3]",[],agent2,MockLLM,Nessuno,0,"['Tenere', 'Contribuire', 'Contribuire', 'Contribuire', 'Contribuire']","[23.3, 13.3, 6.7, 13.3, 13.3]",[],agent3,MockLLM,Nessuno,0,"['Contribuire', 'Tenere', 'Tenere', 'Contribuire', 'Contribuire']","[13.3, 23.3, 16.7, 13.3, 13.3]",[],0.0,0.2,2
game_4,cn,True,5,5,False,agent1,MockLLM,无,0,"['贡献', '贡献', '保留', '保留', '保留']","[6.7, 6.7, 10.0, 16.7, 10.0]",[],agent2,MockLLM,无,0,"['保留', '保留', '保留', '贡献', '保留']","[16.7, 16.7, 10.0, 6.7, 10.0]",[],agent3,MockLLM,无,0,"['保留', '保留', '保留', '保留', '保留']","[16.7, 16.7, 10.0, 16.7, 10.0]",[],0.0,0.2,2
game_5,ar,True,5,5,False,agent1,MockLLM,لا شيء,0,"['مساهمة', 'مساهمة', 'مساهمة', 'احتفاظ', 'احتفاظ']","[13.3, 13.3, 20.0, 16.7, 10.0]",[],agent2,MockLLM,لا شيء,0,"['احتفاظ', 'احتفاظ', 'مساهمة', 'مساهمة', 'احتفاظ']","[23.3, 23.3, 20.0, 6.7, 10.0]",[],agent3,MockLLM,لا شيء,0,"['مساهمة', 'مساهمة', 'مساهمة', 'احتفاظ', 'احتفاظ']","[13.3, 13.3, 20.0, 16.7, 10.0]",[],0.0,0.2,2
game_0,en,True,5,5,False,agent1,MockLLM,None,0,"['Contribute', 'Contribute', 'Keep', 'Contribute', 'Keep']","[13.3, 13.3, 23.3, 13.3, 16.7]",[],agent2,MockLLM,None,0,"['Keep', 'Contribute', 'Contribute', 'Contribute', 'Keep']","[23.3, 13.3, 13.3, 13.3, 16.7]",[],agent3,MockLLM,None,0,"['Contribute', 'Keep', 'Contribute', 'Keep', 'Contribute']","[13.3, 23.3, 13.3, 23.3, 6.7]",[],0.0,0.3,3
game_2,fr,True,5,5,False,agent1,MockLLM,Aucun,0,"['Garder', 'Contribuer', 'Contribuer', 'Contribuer', 'Contribuer']","[16.7, 20.0, 13.3, 20.0, 13.3]",[],agent2,MockLLM,Aucun,0,"['Garder', 'Contribuer', 'Contribuer', 'Contribuer', 'Contribuer']","[16.7, 20.0, 13.3, 20.0, 13.3]",[],agent3,MockLLM,Aucun,0,"['Contribuer', 'Contribuer', 'Garder', 'Contribuer', 'Garder']","[6.7, 20.0, 23.3, 20.0, 23.3]",[],0.0,0.3,3
game_1,vn,True,5,5,False,agent1,MockLLM,Không có,0,"['Giữ lại', 'Đóng góp', 'Giữ lại', 'Giữ lại', 'Giữ lại']","[16.7, 20.0, 23.3, 16.7, 16.7]",[],agent2,MockLLM,Không có,0,"['Đóng góp', 'Đóng góp', 'Đóng góp', 'Giữ lại', 'Giữ lại']","[6.7, 20.0, 13.3, 16.7, 16.7]",[],agent3,MockLLM,Không có,0,"['Giữ lại', 'Đóng góp', 'Đóng góp', 'Đóng góp', 'Đóng góp']","[16.7, 20.0, 13.3, 6.7, 6.7]",[],0.0,0.3,3
game_3,it,True,5,5,False,agent1,MockLLM,Nessuno,0,"['Contribuire', 'Tenere', 'Contribuire', 'Contribuire', 'Tenere']","[20.0, 10.0, 13.3, 6.7, 10.0]",[],agent2,MockLLM,Nessuno,0,"['Contribuire', 'Tenere', 'Tenere', 'Tenere', 'Tenere']","[20.0, 10.0, 23.3, 16.7, 10.0]",[],agent3,MockLLM,Nessuno,0,"['Contribuire', 'Tenere', 'Contribuire', 'Tenere', 'Tenere']","[20.0, 10.0, 13.3, 16.7, 10.0]",[],0.0,0.3,3
game_4,cn,True,5,5,False,agent1,MockLLM,无,0,"['保留', '贡献', '保留', '贡献', '保留']","[16.7, 6.7, 10.0, 20.0, 16.7]",[],agent2,MockLLM,无,0,"['贡献', '保留', '保留', '贡献', '贡献']","[6.7, 16.7, 10.0, 20.0, 6.7]",[],agent3,MockLLM,无,0,"['保留', '保留', '保留', '贡献', '保留']","[16.7, 16.7, 10.0, 20.0, 16.7]",[],0.0,0.3,3
game_5,ar,True,5,5,False,agent1,MockLLM,لا شيء,0,"['مساهمة', 'احتفاظ', 'مساهمة', 'مساهمة', 'احتفاظ']","[13.3, 16.7, 20.0, 20.0, 16.7]",[],agent2,MockLLM,لا شيء,0,"['مساهمة', 'احتفاظ', 'مساهمة', 'مساهمة', 'احتفاظ']","[13.3, 16.7, 20.0, 20.0, 16.7]",[],agent3,MockLLM,لا شيء,0,"['احتفاظ', 'مساهمة', 'مساهمة', 'مساهمة', 'مساهمة']","[23.3, 6.7, 20.0, 20.0, 6.7]",[],0.0,0.3,3
game_0,en,True,5,5,False,agent1,MockLLM,None,0,"['Keep', 'Contribute', 'Contribute', 'Contribute', 'Contribute']","[16.7, 20.0, 13.3, 13.3, 13.3]",[],agent2,MockLLM,None,0,"['Keep', 'Contribute', 'Contribute', 'Keep', 'Contribute']","[16.7, 20.0, 13.3, 23.3, 13.3]",[],agent3,MockLLM,None,0,"['Contribute', 'Contribute', 'Keep', 'Contribute', 'Keep']","[6.7, 20.0, 23.3, 13.3, 23.3]",[],0.1,0.0,4
game_1,vn,True,5,5,False,agent1,MockLLM,Không có,0,"['Đóng góp', 'Giữ lại', 'Giữ lại', 'Đóng góp', 'Đóng góp']","[13.3, 10.0, 16.7, 20.0, 6.7]",[],agent2,MockLLM,Không có,0,"['Giữ lại', 'Giữ lại', 'Đóng góp', 'Đóng góp', 'Giữ lại']","[23.3, 10.0, 6.7, 20.0, 16.7]",[],agent3,MockLLM,Không có,0,"['Đóng góp', 'Giữ lại', 'Giữ lại', 'Đóng góp', 'Giữ lại']","[13.3, 10.0, 16.7, 20.0, 16.7]",[],0.1,0.0,4
game_2,fr,True,5,5,False,agent1,MockLLM,Aucun,0,"['Garder', 'Contribuer', 'Garder', 'Garder', 'Garder']","[23.3, 20.0, 16.7, 16.7, 16.7]",[],agent2,MockLLM,Aucun,0,"['Contribuer', 'Contribuer', 'Garder', 'Contribuer', 'Contribuer']","[13.3, 20.0, 16.7, 6.7, 6.7]",[],agent3,MockLLM,Aucun,0,"['Contribuer', 'Contribuer', 'Contribuer', 'Garder', 'Garder']","[13.3, 20.0, 6.7, 16.7, 16.7]",[],0.1,0.0,4
game_3,it,True,5,5,False,agent1,MockLLM,Nessuno,0,"['Tenere', 'Contribuire', 'Contribuire', 'Contribuire', 'Tenere']","[16.7, 13.3, 6.7, 13.3, 16.7]",[],agent2,MockLLM,Nessuno,0,"['Contribuire', 'Tenere', 'Tenere', 'Tenere', 'Tenere']","[6.7, 23.3, 16.7, 23.3, 16.7]",[],agent3,MockLLM,Nessuno,0,"['Tenere', 'Contribuire', 'Tenere', 'Contribuire', 'Contribuire']","[16.7, 13.3, 16.7, 13.3, 6.7]",[],0.1,0.0,4
game_4,cn,True,5,5,False,agent1,MockLLM,无,0,"['贡献', '保留', '贡献', '保留', '保留']","[13.3, 16.7, 20.0, 16.7, 16.7]",[],agent2,MockLLM,无,0,"['贡献', '贡献', '贡献', '贡献', '保留']","[13.3, 6.7, 20.0, 6.7, 16.7]",[],agent3,MockLLM,无,0,"['保留', '保留', '贡献', '保留', '贡献']","[23.3, 16.7, 20.0, 16.7, 6.7]",[],0.1,0.0,4
game_5,ar,True,5,5,False,agent1,MockLLM,لا شيء,0,"['احتفاظ', 'احتفاظ', 'مساهمة', 'احتفاظ', 'احتفاظ']","[16.7, 16.7, 13.3, 23.3, 16.7]",[],agent2,MockLLM,لا شيء,0,"['احتفاظ', 'احتفاظ', 'احتفاظ', 'مساهمة', 'احتفاظ']","[16.7, 16.7, 23.3, 13.3, 16.7]",[],agent3,MockLLM,لا شيء,0,"['مساهمة', 'مساهمة', 'مساهمة', 'مساهمة', 'مساهمة']","[6.7, 6.7, 13.3, 13.3, 6.7]",[],0.1,0.0,4
game_0,en,True,5,5,False,agent1,MockLLM,None,0,"['Contribute', 'Contribute', 'Contribute', 'Contribute', 'Keep']","[13.3, 13.3, 6.7, 13.3, 10.0]",[],agent2,MockLLM,None,0,"['Contribute', 'Contribute', 'Keep', 'Keep', 'Keep']","[13.3, 13.3, 16.7, 23.3, 10.0]",[],agent3,MockLLM,None,0,"['Keep', 'Keep', 'Keep', 'Contribute', 'Keep']","[23.3, 23.3, 16.7, 13.3, 10.0]",[],0.1,0.1,5
game_2,fr,True,5,5,False,agent1,MockLLM,Aucun,0,"['Garder', 'Garder', 'Garder', 'Garder', 'Contribuer']","[10.0, 16.7, 10.0, 10.0, 6.7]",[],agent2,MockLLM,Aucun,0,"['Garder', 'Garder', 'Garder', 'Garder', 'Garder']","[10.0, 16.7, 10.0, 10.0, 16.7]",[],agent3,MockLLM,Aucun,0,"['Garder', 'Contribuer', 'Garder', 'Garder', 'Garder']","[10.0, 6.7, 10.0, 10.0, 16.7]",[],0.1,0.1,5
game_1,vn,True,5,5,False,agent1,MockLLM,Không có,0,"['Giữ lại', 'Đóng góp', 'Giữ lại', 'Đóng góp', 'Giữ lại']","[10.0, 6.7, 23.3, 13.3, 10.0]",[],agent2,MockLLM,Không có,0,"['Giữ lại', 'Giữ lại', 'Đóng góp', 'Đóng góp', 'Giữ lại']","[10.0, 16.7, 13.3, 13.3, 10.0]",[],agent3,MockLLM,Không có,0,"['Giữ lại', 'Giữ lại', 'Đóng góp', 'Giữ lại', 'Giữ lại']","[10.0, 16.7, 13.3, 23.3, 10.0]",[],0.1,0.1,5
game_3,it,True,5,5,False,agent1,MockLLM,Nessuno,0,"['Contribuire', 'Tenere', 'Contribuire', 'Contribuire', 'Contribuire']","[13.3, 23.3, 20.0, 20.0, 20.0]",[],agent2,MockLLM,Nessuno,0,"['Tenere', 'Contribuire', 'Contribuire', 'Contribuire', 'Contribuire']","[23.3, 13.3, 20.0, 20.0, 20.0]",[],agent3,MockLLM,Nessuno,0,"['Contribuire', 'Contribuire', 'Contribuire', 'Contribuire', 'Contribuire']","[13.3, 13.3, 20.0, 20.0, 20.0]",[],0.1,0.1,5
game_4,cn,True,5,5,False,agent1,MockLLM,无,0,"['贡献', '贡献', '贡献', '保留', '贡献']","[13.3, 13.3, 13.3, 16.7, 13.3]",[],agent2,MockLLM,无,0,"['贡献', '贡献', '贡献', '贡献', '保留']","[13.3, 13.3, 13.3, 6.7, 23.3]",[],agent3,MockLLM,无,0,"['保留', '保留', '保留', '保留', '贡献']","[23.3, 23.3, 23.3, 16.7, 13.3]",[],0.1,0.1,5
game_5,ar,True,5,5,False,agent1,MockLLM,لا شيء,0,"['احتفاظ', 'احتفاظ', 'مساهمة', 'احتفاظ', 'مساهمة']","[10.0, 16.7, 6.7, 16.7, 13.3]",[],agent2,MockLLM,لا شيء,0,"['احتفاظ', 'احتفاظ', 'احتفاظ', 'مساهمة', 'احتفاظ']","[10.0, 16.7, 16.7, 6.7, 23.3]",[],agent3,MockLLM,لا شيء,0,"['احتفاظ', 'مساهمة', 'احتفاظ', 'احتفاظ', 'مساهمة']","[10.0, 6.7, 16.7, 16.7, 13.3]",[],0.1,0.1,5
game_1,vn,True,5,5,False,agent1,MockLLM,Không có,0,"['Đóng góp', 'Đóng góp', 'Đóng góp', 'Đóng góp', 'Đóng góp']","[13.3, 13.3, 13.3, 13.3, 20.0]",[],agent2,MockLLM,Không có,0,"['Giữ lại', 'Đóng góp', 'Giữ lại', 'Đóng góp', 'Đóng góp']","[23.3, 13.3, 23.3, 13.3, 20.0]",[],agent3,MockLLM,Không có,0,"['Đóng góp', 'Giữ lại', 'Đóng góp', 'Giữ lại', 'Đóng góp']","[13.3, 23.3, 13.3, 23.3, 20.0]",[],0.1,0.2,6
game_0,en,True,5,5,False,agent1,MockLLM,None,0,"['Contribute', 'Contribute', 'Contribute', 'Keep', 'Contribute']","[13.3, 6.7, 6.7, 10.0, 20.0]",[],agent2,MockLLM,None,0,"['Contribute', 'Keep', 'Keep', 'Keep', 'Contribute']","[13.3, 16.7, 16.7, 10.0, 20.0]",[],agent3,MockLLM,None,0,"['Keep', 'Keep', 'Keep', 'Keep', 'Contribute']","[23.3, 16.7, 16.7, 10.0, 20.0]",[],0.1,0.2,6
game_3,it,True,5,5,False,agent1,MockLLM,Nessuno,0,"['Contribuire', 'Tenere', 'Tenere', 'Contribuire', 'Contribuire']","[20.0, 16.7, 16.7, 13.3, 13.3]",[],agent2,MockLLM,Nessuno,0,"['Contribuire', 'Contribuire', 'Tenere', 'Tenere', 'Contribuire']","[20.0, 6.7, 16.7, 23.3, 13.3]",[],agent3,MockLLM,Nessuno,0,"['Contribuire', 'Tenere', 'Contribuire', 'Contribuire', 'Tenere']","[20.0, 16.7, 6.7, 13.3, 23.3]",[],0.1,0.2,6
game_2,fr,True,5,5,False,agent1,MockLLM,Aucun,0,"['Contribuer', 'Garder', 'Contribuer', 'Contribuer', 'Garder']","[13.3, 16.7, 20.0, 13.3, 10.0]",[],agent2,MockLLM,Aucun,0,"['Garder', 'Contribuer', 'Contribuer', 'Garder', 'Garder']","[23.3, 6.7, 20.0, 23.3, 10.0]",[],agent3,MockLLM,Aucun,0,"['Contribuer', 'Garder', 'Contribuer', 'Contribuer', 'Garder']","[13.3, 16.7, 20.0, 13.3, 10.0]",[],0.1,0.2,6
game_4,cn,True,5,5,False,agent1,MockLLM,无,0,"['贡献', '保留', '贡献', '贡献', '保留']","[13.3, 10.0, 20.0, 13.3, 16.7]",[],agent2,MockLLM,无,0,"['贡献', '保留', '贡献', '贡献', '贡献']","[13.3, 10.0, 20.0, 13.3, 6.7]",[],agent3,MockLLM,无,0,"['保留', '保留', '贡献', '保留', '保留']","[23.3, 10.0, 20.0, 23.3, 16.7]",[],0.1,0.2,6
game_5,ar,True,5,5,False,agent1,MockLLM,لا شيء,0,"['احتفاظ', 'مساهمة', 'احتفاظ', 'مساهمة', 'احتفاظ']","[16.7, 13.3, 16.7, 6.7, 10.0]",[],agent2,MockLLM,لا شيء,0,"['مساهمة', 'احتفاظ', 'مساهمة', 'احتفاظ', 'احتفاظ']","[6.7, 23.3, 6.7, 16.7, 10.0]",[],agent3,MockLLM,لا شيء,0,"['احتفاظ', 'مساهمة', 'احتفاظ', 'احتفاظ', 'احتفاظ']","[16.7, 13.3, 16.7, 16.7, 10.0]",[],0.1,0.2,6
game_0,en,True,5,5,False,agent1,MockLLM,None,0,"['Keep', 'Keep', 'Contribute', 'Contribute', 'Keep']","[16.7, 16.7, 13.3, 6.7, 23.3]",[],agent2,MockLLM,None,0,"['Keep', 'Keep', 'Contribute', 'Keep', 'Contribute']","[16.7, 16.7, 13.3, 16.7, 13.3]",[],agent3,MockLLM,None,0,"['Contribute', 'Contribute', 'Keep', 'Keep', 'Contribute']","[6.7, 6.7, 23.3, 16.7, 13.3]",[],0.1,0.3,7
game_1,vn,True,5,5,False,agent1,MockLLM,Không có,0,"['Đóng góp', 'Đóng góp', 'Đóng góp', 'Giữ lại', 'Đóng góp']","[13.3, 13.3, 6.7, 10.0, 6.7]",[],agent2,MockLLM,Không có,0,"['Giữ lại', 'Giữ lại', 'Giữ lại', 'Giữ lại', 'Giữ lại']","[23.3, 23.3, 16.7, 10.0, 16.7]",[],agent3,MockLLM,Không có,0,"['Đóng góp', 'Đóng góp', 'Giữ lại', 'Giữ lại', 'Giữ lại']","[13.3, 13.3, 16.7, 10.0, 16.7]",[],0.1,0.3,7
game_3,it,True,5,5,False,agent1,MockLLM,Nessuno,0,"['Tenere', 'Tenere', 'Contribuire', 'Contribuire', 'Contribuire']","[16.7, 16.7, 13.3, 13.3, 20.0]",[],agent2,MockLLM,Nessuno,0,"['Contribuire', 'Tenere', 'Tenere', 'Contribuire', 'Contribuire']","[6.7, 16.7, 23.3, 13.3, 20.0]",[],agent3,MockLLM,Nessuno,0,"['Tenere', 'Contribuire', 'Contribuire', 'Tenere', 'Contribuire']","[16.7, 6.7, 13.3, 23.3, 20.0]",[],0.1,0.3,7
game_2,fr,True,5,5,False,agent1,MockLLM,Aucun,0,"['Contribuer', 'Contribuer', 'Contribuer', 'Garder', 'Garder']","[6.7, 13.3, 20.0, 23.3, 16.7]",[],agent2,MockLLM,Aucun,0,"['Garder', 'Contribuer', 'Contribuer', 'Contribuer', 'Contribuer']","[16.7, 13.3, 20.0, 13.3, 6.7]",[],agent3,MockLLM,Aucun,0,"['Garder', 'Garder', 'Contribuer', 'Contribuer', 'Garder']","[16.7, 23.3, 20.0, 13.3, 16.7]",[],0.1,0.3,7
game_4,cn,True,5,5,False,agent1,MockLLM,无,0,"['贡献', '贡献', '贡献', '贡献', '贡献']","[6.7, 6.7, 6.7, 20.0, 6.7]",[],agent2,MockLLM,无,0,"['保留', '保留', '保留', '贡献', '保留']","[16.7, 16.7, 16.7, 20.0, 16.7]",[],agent3,MockLLM,无,0,"['保留', '保留', '保留', '贡献', '保留']","[16.7, 16.7, 16.7, 20.0, 16.7]",[],0.1,0.3,7
game_5,ar,True,5,5,False,agent1,MockLLM,لا شيء,0,"['مساهمة', 'مساهمة', 'احتفاظ', 'مساهمة', 'احتفاظ']","[13.3, 13.3, 10.0, 6.7, 16.7]",[],agent2,MockLLM,لا شيء,0,"['مساهمة', 'مساهمة', 'احتفاظ', 'احتفاظ', 'احتفاظ']","[13.3, 13.3, 10.0, 16.7, 16.7]",[],agent3,MockLLM,لا شيء,0,"['احتفاظ', 'احتفاظ', 'احتفاظ', 'احتفاظ', 'مساهمة']","[23.3, 23.3, 10.0, 16.7, 6.7]",[],0.1,0.3,7
game_0,en,True,5,5,False,agent1,MockLLM,None,0,"['Keep', 'Contribute', 'Contribute', 'Contribute', 'Contribute']","[16.7, 13.3, 6.7, 13.3, 20.0]",[],agent2,MockLLM,None,0,"['Keep', 'Contribute', 'Keep', 'Contribute', 'Contribute']","[16.7, 13.3, 16.7, 13.3, 20.0]",[],agent3,MockLLM,None,0,"['Contribute', 'Keep', 'Keep', 'Keep', 'Contribute']","[6.7, 23.3, 16.7, 23.3, 20.0]",[],0.2,0.0,8
game_1,vn,True,5,5,False,agent1,MockLLM,Không có,0,"['Đóng góp', 'Giữ lại', 'Đóng góp', 'Đóng góp', 'Giữ lại']","[6.7, 16.7, 13.3, 13.3, 16.7]",[],agent2,MockLLM,Không có,0,"['Giữ lại', 'Giữ lại', 'Đóng góp', 'Giữ lại', 'Giữ lại']","[16.7, 16.7, 13.3, 23.3, 16.7]",[],agent3,MockLLM,Không có,0,"['Giữ lại', 'Đóng góp', 'Giữ lại', 'Đóng góp', 'Đóng góp']","[16.7, 6.7, 23.3, 13.3, 6.7]",[],0.2,0.0,8
game_2,fr,True,5,5,False,agent1,MockLLM,Aucun,0,"['Garder', 'Garder', 'Garder', 'Garder', 'Contribuer']","[10.0, 23.3, 10.0, 16.7, 13.3]",[],agent2,MockLLM,Aucun,0,"['Garder', 'Contribuer', 'Garder', 'Contribuer', 'Garder']","[10.0, 13.3, 10.0, 6.7, 23.3]",[],agent3,MockLLM,Aucun,0,"['Garder', 'Contribuer', 'Garder', 'Garder', 'Contribuer']","[10.0, 13.3, 10.0, 16.7, 13.3]",[],0.2,0.0,8
game_3,it,True,5,5,False,agent1,MockLLM,Nessuno,0,"['Tenere', 'Contribuire', 'Contribuire', 'Contribuire', 'Tenere']","[16.7, 20.0, 13.3, 6.7, 23.3]",[],agent2,MockLLM,Nessuno,0,"['Tenere', 'Contribuire', 'Tenere', 'Tenere', 'Contribuire']","[16.7, 20.0, 23.3, 16.7, 13.3]",[],agent3,MockLLM,Nessuno,0,"['Contribuire', 'Contribuire', 'Contribuire', 'Tenere', 'Contribuire']","[6.7, 20.0, 13.3, 16.7, 13.3]",[],0.2,0.0,8
game_4,cn,True,5,5,False,agent1,MockLLM,无,0,"['保留', '贡献', '贡献', '贡献', '贡献']","[23.3, 6.7, 20.0, 20.0, 13.3]",[],agent2,MockLLM,无,0,"['贡献', '保留', '贡献', '贡献', '保留']","[13.3, 16.7, 20.0, 20.0, 23.3]",[],agent3,MockLLM,无,0,"['贡献', '保留', '贡献', '贡献', '贡献']","[13.3, 16.7, 20.0, 20.0, 13.3]",[],0.2,0.0,8
game_5,ar,True,5,5,False,agent1,MockLLM,لا شيء,0,"['احتفاظ', 'مساهمة', 'احتفاظ', 'مساهمة', 'احتفاظ']","[16.7, 13.3, 16.7, 13.3, 10.0]",[],agent2,MockLLM,لا شيء,0,"['مساهمة', 'احتفاظ', 'مساهمة', 'مساهمة', 'احتفاظ']","[6.7, 23.3, 6.7, 13.3, 10.0]",[],agent3,MockLLM,لا شيء,0,"['احتفاظ', 'مساهمة', 'احتفاظ', 'احتفاظ', 'احتفاظ']","[16.7, 13.3, 16.7, 23.3, 10.0]",[],0.2,0.0,8
game_1,vn,True,5,5,False,agent1,MockLLM,Không có,0,"['Đóng góp', 'Giữ lại', 'Đóng góp', 'Giữ lại', 'Đóng góp']","[13.3, 10.0, 13.3, 10.0, 13.3]",[],agent2,MockLLM,Không có,0,"['Giữ lại', 'Giữ lại', 'Đóng góp', 'Giữ lại', 'Đóng góp']","[23.3, 10.0, 13.3, 10.0, 13.3]",[],agent3,MockLLM,Không có,0,"['Đóng góp', 'Giữ lại', 'Giữ lại', 'Giữ lại', 'Giữ lại']","[13.3, 10.0, 23.3, 10.0, 23.3]",[],0.2,0.1,9
game_3,it,True,5,5,False,agent1,MockLLM,Nessuno,0,"['Contribuire', 'Tenere', 'Contribuire', 'Tenere', 'Tenere']","[6.7, 23.3, 13.3, 10.0, 10.0]",[],agent2,MockLLM,Nessuno,0,"['Tenere', 'Contribuire', 'Tenere', 'Tenere', 'Tenere']","[16.7, 13.3, 23.3, 10.0, 10.0]",[],agent3,MockLLM,Nessuno,0,"['Tenere', 'Contribuire', 'Contribuire', 'Tenere', 'Tenere']","[16.7, 13.3, 13.3, 10.0, 10.0]",[],0.2,0.1,9
game_0,en,True,5,5,False,agent1,MockLLM,None,0,"['Keep', 'Keep', 'Contribute', 'Contribute', 'Keep']","[16.7, 23.3, 6.7, 13.3, 10.0]",[],agent2,MockLLM,None,0,"['Keep', 'Contribute', 'Keep', 'Contribute', 'Keep']","[16.7, 13.3, 16.7, 13.3, 10.0]",[],agent3,MockLLM,None,0,"['Contribute', 'Contribute', 'Keep', 'Keep', 'Keep']","[6.7, 13.3, 16.7, 23.3, 10.0]",[],0.2,0.1,9
game_2,fr,True,5,5,False,agent1,MockLLM,Aucun,0,"['Contribuer', 'Contribuer', 'Contribuer', 'Garder', 'Contribuer']","[20.0, 13.3, 13.3, 23.3, 13.3]",[],agent2,MockLLM,Aucun,0,"['Contribuer', 'Garder', 'Contribuer', 'Contribuer', 'Contribuer']","[20.0, 23.3, 13.3, 13.3, 13.3]",[],agent3,MockLLM,Aucun,0,"['Contribuer', 'Contribuer', 'Garder', 'Contribuer', 'Garder']","[20.0, 13.3, 23.3, 13.3, 23.3]",[],0.2,0.1,9
game_4,cn,True,5,5,False,agent1,MockLLM,无,0,"['保留', '贡献', '贡献', '贡献', '贡献']","[16.7, 13.3, 20.0, 6.7, 6.7]",[],agent2,MockLLM,无,0,"['保留', '贡献', '贡献', '保留', '保留']","[16.7, 13.3, 20.0, 16.7, 16.7]",[],agent3,MockLLM,无,0,"['贡献', '保留', '贡献', '保留', '保留']","[6.7, 23.3, 20.0, 16.7, 16.7]",[],0.2,0.1,9
game_5,ar,True,5,5,False,agent1,MockLLM,لا شيء,0,"['مساهمة', 'احتفاظ', 'مساهمة', 'احتفاظ', 'احتفاظ']","[6.7, 16.7, 6.7, 16.7, 10.0]",[],agent2,MockLLM,لا شيء,0,"['احتفاظ', 'مساهمة', 'احتفاظ', 'احتفاظ', 'احتفاظ']","[16.7, 6.7, 16.7, 16.7, 10.0]",[],agent3,MockLLM,لا شيء,0,"['احتفاظ', 'احتفاظ', 'احتفاظ', 'مساهمة', 'احتفاظ']","[16.7, 16.7, 16.7, 6.7, 10.0]",[],0.2,0.1,9
game_0,en,True,5,5,False,agent1,MockLLM,None,0,"['Keep', 'Contribute', 'Contribute', 'Contribute', 'Contribute']","[16.7, 13.3, 13.3, 20.0, 6.7]",[],agent2,MockLLM,None,0,"['Contribute', 'Contribute', 'Contribute', 'Contribute', 'Keep']","[6.7, 13.3, 13.3, 20.0, 16.7]",[],agent3,MockLLM,None,0,"['Keep', 'Keep', 'Keep', 'Contribute', 'Keep']","[16.7, 23.3, 23.3, 20.0, 16.7]",[],0.2,0.2,10
game_3,it,True,5,5,False,agent1,MockLLM,Nessuno,0,"['Contribuire', 'Contribuire', 'Tenere', 'Tenere', 'Tenere']","[6.7, 13.3, 10.0, 16.7, 16.7]",[],agent2,MockLLM,Nessuno,0,"['Tenere', 'Tenere', 'Tenere', 'Contribuire', 'Tenere']","[16.7, 23.3, 10.0, 6.7, 16.7]",[],agent3,MockLLM,Nessuno,0,"['Tenere', 'Contribuire', 'Tenere', 'Tenere', 'Contribuire']","[16.7, 13.3, 10.0, 16.7, 6.7]",[],0.2,0.2,10
game_1,vn,True,5,5,False,agent1,MockLLM,Không có,0,"['Giữ lại', 'Đóng góp', 'Giữ lại', 'Giữ lại', 'Giữ lại']","[16.7, 20.0, 16.7, 23.3, 10.0]",[],agent2,MockLLM,Không có,0,"['Giữ lại', 'Đóng góp', 'Giữ lại', 'Đóng góp', 'Giữ lại']","[16.7, 20.0, 16.7, 13.3, 10.0]",[],agent3,MockLLM,Không có,0,"['Đóng góp', 'Đóng góp', 'Đóng góp', 'Đóng góp', 'Giữ lại']","[6.7, 20.0, 6.7, 13.3, 10.0]",[],0.2,0.2,10
game_2,fr,True,5,5,False,agent1,MockLLM,Aucun,0,"['Contribuer', 'Garder', 'Contribuer', 'Garder', 'Garder']","[13.3, 10.0, 20.0, 10.0, 16.7]",[],agent2,MockLLM,Aucun,0,"['Contribuer', 'Garder', 'Contribuer', 'Garder', 'Garder']","[13.3, 10.0, 20.0, 10.0, 16.7]",[],agent3,MockLLM,Aucun,0,"['Garder', 'Garder', 'Contribuer', 'Garder', 'Contribuer']","[23.3, 10.0, 20.0, 10.0, 6.7]",[],0.2,0.2,10
game_4,cn,True,5,5,False,agent1,MockLLM,无,0,"['贡献', '贡献', '贡献', '保留', '保留']","[6.7, 20.0, 13.3, 10.0, 23.3]",[],agent2,MockLLM,无,0,"['保留', '贡献', '保留', '保留', '贡献']","[16.7, 20.0, 23.3, 10.0, 13.3]",[],agent3,MockLLM,无,0,"['保留', '贡献', '贡献', '保留', '贡献']","[16.7, 20.0, 13.3, 10.0, 13.3]",[],0.2,0.2,10
game_5,ar,True,5,5,False,agent1,MockLLM,لا شيء,0,"['مساهمة', 'احتفاظ', 'احتفاظ', 'مساهمة', 'احتفاظ']","[13.3, 16.7, 16.7, 13.3, 23.3]",[],agent2,MockLLM,لا شيء,0,"['احتفاظ', 'احتفاظ', 'احتفاظ', 'احتفاظ', 'مساهمة']","[23.3, 16.7, 16.7, 23.3, 13.3]",[],agent3,MockLLM,لا شيء,0,"['مساهمة', 'مساهمة', 'مساهمة', 'مساهمة', 'مساهمة']","[13.3, 6.7, 6.7, 13.3, 13.3]",[],0.2,0.2,10
game_3,it,True,5,5,False,agent1,MockLLM,Nessuno,0,"['Contribuire', 'Contribuire', 'Contribuire', 'Contribuire', 'Tenere']","[13.3, 13.3, 6.7, 6.7, 16.7]",[],agent2,MockLLM,Nessuno,0,"['Tenere', 'Contribuire', 'Tenere', 'Tenere', 'Tenere']","[23.3, 13.3, 16.7, 16.7, 16.7]",[],agent3,MockLLM,Nessuno,0,"['Contribuire', 'Tenere', 'Tenere', 'Tenere', 'Contribuire']","[13.3, 23.3, 16.7, 16.7, 6.7]",[],0.2,0.3,11
game_0,en,True,5,5,False,agent1,MockLLM,None,0,"['Contribute', 'Keep', 'Contribute', 'Contribute', 'Contribute']","[13.3, 16.7, 13.3, 13.3, 13.3]",[],agent2,MockLLM,None,0,"['Keep', 'Keep', 'Keep', 'Keep', 'Contribute']","[23.3, 16.7, 23.3, 23.3, 13.3]",[],agent3,MockLLM,None,0,"['Contribute', 'Contribute', 'Contribute', 'Contribute', 'Keep']","[13.3, 6.7, 13.3, 13.3, 23.3]",[],0.2,0.3,11
game_1,vn,True,5,5,False,agent1,MockLLM,Không có,0,"['Giữ lại', 'Giữ lại', 'Đóng góp', 'Giữ lại', 'Đóng góp']","[23.3, 16.7, 13.3, 10.0, 13.3]",[],agent2,MockLLM,Không có,0,"['Đóng góp', 'Đóng góp', 'Giữ lại', 'Giữ lại', 'Giữ lại']","[13.3, 6.7, 23.3, 10.0, 23.3]",[],agent3,MockLLM,Không có,0,"['Đóng góp', 'Giữ lại', 'Đóng góp', 'Giữ lại', 'Đóng góp']","[13.3, 16.7, 13.3, 10.0, 13.3]",[],0.2,0.3,11
game_2,fr,True,5,5,False,agent1,MockLLM,Aucun,0,"['Contribuer', 'Garder', 'Contribuer', 'Garder', 'Garder']","[6.7, 16.7, 13.3, 10.0, 23.3]",[],agent2,MockLLM,Aucun,0,"['Garder', 'Contribuer', 'Garder', 'Garder', 'Contribuer']","[16.7, 6.7, 23.3, 10.0, 13.3]",[],agent3,MockLLM,Aucun,0,"['Garder', 'Garder', 'Contribuer', 'Garder', 'Contribuer']","[16.7, 16.7, 13.3, 10.0, 13.3]",[],0.2,0.3,11
game_4,cn,True,5,5,False,agent1,MockLLM,无,0,"['保留', '保留', '保留', '保留', '保留']","[10.0, 16.7, 16.7, 16.7, 16.7]",[],agent2,MockLLM,无,0,"['保留', '贡献', '保留', '保留', '保留']","[10.0, 6.7, 16.7, 16.7, 16.7]",[],agent3,MockLLM,无,0,"['保留', '保留', '贡献', '贡献', '贡献']","[10.0, 16.7, 6.7, 6.7, 6.7]",[],0.2,0.3,11
game_5,ar,True,5,5,False,agent1,MockLLM,لا شيء,0,"['احتفاظ', 'مساهمة', 'احتفاظ', 'مساهمة', 'مساهمة']","[10.0, 13.3, 10.0, 20.0, 20.0]",[],agent2,MockLLM,لا شيء,0,"['احتفاظ', 'احتفاظ', 'احتفاظ', 'مساهمة', 'مساهمة']","[10.0, 23.3, 10.0, 20.0, 20.0]",[],agent3,MockLLM,لا شيء,0,"['احتفاظ', 'مساهمة', 'احتفاظ', 'مساهمة', 'مساهمة']","[10.0, 13.3, 10.0, 20.0, 20.0]",[],0.2,0.3,11
game_0,en,True,5,5,False,agent1,MockLLM,None,0,"['Keep', 'Keep', 'Contribute', 'Contribute', 'Contribute']","[10.0, 23.3, 20.0, 13.3, 6.7]",[],agent2,MockLLM,None,0,"['Keep', 'Contribute', 'Contribute', 'Keep', 'Keep']","[10.0, 13.3, 20.0, 23.3, 16.7]",[],agent3,MockLLM,None,0,"['Keep', 'Contribute', 'Contribute', 'Contribute', 'Keep']","[10.0, 13.3, 20.0, 13.3, 16.7]",[],0.3,0.0,12
game_1,vn,True,5,5,False,agent1,MockLLM,Không có,0,"['Đóng góp', 'Giữ lại', 'Giữ lại', 'Giữ lại', 'Đóng góp']","[6.7, 16.7, 10.0, 23.3, 13.3]",[],agent2,MockLLM,Không có,0,"['Giữ lại', 'Đóng góp', 'Giữ lại', 'Đóng góp', 'Đóng góp']","[16.7, 6.7, 10.0, 13.3, 13.3]",[],agent3,MockLLM,Không có,0,"['Giữ lại', 'Giữ lại', 'Giữ lại', 'Đóng góp', 'Giữ lại']","[16.7, 16.7, 10.0, 13.3, 23.3]",[],0.3,0.0,12
game_3,it,True,5,5,False,agent1,MockLLM,Nessuno,0,"['Tenere', 'Tenere', 'Tenere', 'Tenere', 'Contribuire']","[16.7, 10.0, 16.7, 10.0, 13.3]",[],agent2,MockLLM,Nessuno,0,"['Contribuire', 'Tenere', 'Contribuire', 'Tenere', 'Tenere']","[6.7, 10.0, 6.7, 10.0, 23.3]",[],agent3,MockLLM,Nessuno,0,"['Tenere', 'Tenere', 'Tenere', 'Tenere', 'Contribuire']","[16.7, 10.0, 16.7, 10.0, 13.3]",[],0.3,0.0,12
game_2,fr,True,5,5,False,agent1,MockLLM,Aucun,0,"['Contribuer', 'Garder', 'Contribuer', 'Garder', 'Garder']","[20.0, 16.7, 20.0, 16.7, 16.7]",[],agent2,MockLLM,Aucun,0,"['Contribuer', 'Contribuer', 'Contribuer', 'Contribuer', 'Garder']","[20.0, 6.7, 20.0, 6.7, 16.7]",[],agent3,MockLLM,Aucun,0,"['Contribuer', 'Garder', 'Contribuer', 'Garder', 'Contribuer']","[20.0, 16.7, 20.0, 16.7, 6.7]",[],0.3,0.0,12
game_4,cn,True,5,5,False,agent1,MockLLM,无,0,"['保留', '保留', '贡献', '保留', '贡献']","[16.7, 23.3, 13.3, 10.0, 6.7]",[],agent2,MockLLM,无,0,"['保留', '贡献', '贡献', '保留', '保留']","[16.7, 13.3, 13.3, 10.0, 16.7]",[],agent3,MockLLM,无,0,"['贡献', '贡献', '保留', '保留', '保留']","[6.7, 13.3, 23.3, 10.0, 16.7]",[],0.3,0.0,12
game_5,ar,True,5,5,False,agent1,MockLLM,لا شيء,0,"['مساهمة', 'مساهمة', 'مساهمة', 'احتفاظ', 'مساهمة']","[6.7, 13.3, 6.7, 16.7, 20.0]",[],agent2,MockLLM,لا شيء,0,"['احتفاظ', 'احتفاظ', 'احتفاظ', 'مساهمة', 'مساهمة']","[16.7, 23.3, 16.7, 6.7, 20.0]",[],agent3,MockLLM,لا شيء,0,"['احتفاظ', 'مساهمة', 'احتفاظ', 'احتفاظ', 'مساهمة']","[16.7, 13.3, 16.7, 16.7, 20.0]",[],0.3,0.0,12
game_0,en,True,5,5,False,agent1,MockLLM,None,0,"['Keep', 'Keep', 'Contribute', 'Keep', 'Keep']","[10.0, 23.3, 20.0, 10.0, 16.7]",[],agent2,MockLLM,None,0,"['Keep', 'Contribute', 'Contribute', 'Keep', 'Keep']","[10.0, 13.3, 20.0, 10.0, 16.7]",[],agent3,MockLLM,None,0,"['Keep', 'Contribute', 'Contribute', 'Keep', 'Contribute']","[10.0, 13.3, 20.0, 10.0, 6.7]",[],0.3,0.1,13
game_1,vn,True,5,5,False,agent1,MockLLM,Không có,0,"['Giữ lại', 'Đóng góp', 'Đóng góp', 'Đóng góp', 'Giữ lại']","[16.7, 13.3, 13.3, 13.3, 16.7]",[],agent2,MockLLM,Không có,0,"['Giữ lại', 'Giữ lại', 'Giữ lại', 'Đóng góp', 'Giữ lại']","[16.7, 23.3, 23.3, 13.3, 16.7]",[],agent3,MockLLM,Không có,0,"['Đóng góp', 'Đóng góp', 'Đóng góp', 'Giữ lại', 'Đóng góp']","[6.7, 13.3, 13.3, 23.3, 6.7]",[],0.3,0.1,13
game_2,fr,True,5,5,False,agent1,MockLLM,Aucun,0,"['Contribuer', 'Contribuer', 'Garder', 'Garder', 'Contribuer']","[13.3, 20.0, 16.7, 16.7, 20.0]",[],agent2,MockLLM,Aucun,0,"['Contribuer', 'Contribuer', 'Garder', 'Garder', 'Contribuer']","[13.3, 20.0, 16.7, 16.7, 20.0]",[],agent3,MockLLM,Aucun,0,"['Garder', 'Contribuer', 'Contribuer', 'Contribuer', 'Contribuer']","[23.3, 20.0, 6.7, 6.7, 20.0]",[],0.3,0.1,13
game_3,it,True,5,5,False,agent1,MockLLM,Nessuno,0,"['Tenere', 'Tenere', 'Contribuire', 'Contribuire', 'Contribuire']","[16.7, 16.7, 13.3, 6.7, 13.3]",[],agent2,MockLLM,Nessuno,0,"['Contribuire', 'Contribuire', 'Tenere', 'Tenere', 'Contribuire']","[6.7, 6.7, 23.3, 16.7, 13.3]",[],agent3,MockLLM,Nessuno,0,"['Tenere', 'Tenere', 'Contribuire', 'Tenere', 'Tenere']","[16.7, 16.7, 13.3, 16.7, 23.3]",[],0.3,0.1,13
game_4,cn,True,5,5,False,agent1,MockLLM,无,0,"['贡献', '保留', '贡献', '保留', '保留']","[13.3, 16.7, 13.3, 16.7, 16.7]",[],agent2,MockLLM,无,0,"['保留', '保留', '保留', '贡献', '保留']","[23.3, 16.7, 23.3, 6.7, 16.7]",[],agent3,MockLLM,无,0,"['贡献', '贡献', '贡献', '保留', '贡献']","[13.3, 6.7, 13.3, 16.7, 6.7]",[],0.3,0.1,13
game_5,ar,True,5,5,False,agent1,MockLLM,لا شيء,0,"['مساهمة', 'احتفاظ', 'مساهمة', 'مساهمة', 'احتفاظ']","[6.7, 10.0, 6.7, 13.3, 16.7]",[],agent2,MockLLM,لا شيء,0,"['احتفاظ', 'احتفاظ', 'احتفاظ', 'مساهمة', 'احتفاظ']","[16.7, 10.0, 16.7, 13.3, 16.7]",[],agent3,MockLLM,لا شيء,0,"['احتفاظ', 'احتفاظ', 'احتفاظ', 'احتفاظ', 'مساهمة']","[16.7, 10.0, 16.7, 23.3, 6.7]",[],0.3,0.1,13
game_0,en,True,5,5,False,agent1,MockLLM,None,0,"['Keep', 'Contribute', 'Keep', 'Contribute', 'Contribute']","[16.7, 13.3, 16.7, 13.3, 20.0]",[],agent2,MockLLM,None,0,"['Contribute', 'Keep', 'Keep', 'Contribute', 'Contribute']","[6.7, 23.3, 16.7, 13.3, 20.0]",[],agent3,MockLLM,None,0,"['Keep', 'Contribute', 'Contribute', 'Keep', 'Contribute']","[16.7, 13.3, 6.7, 23.3, 20.0]",[],0.3,0.2,14
game_1,vn,True,5,5,False,agent1,MockLLM,Không có,0,"['Đóng góp', 'Đóng góp', 'Giữ lại', 'Đóng góp', 'Đóng góp']","[6.7, 6.7, 10.0, 20.0, 6.7]",[],agent2,MockLLM,Không có,0,"['Giữ lại', 'Giữ lại', 'Giữ lại', 'Đóng góp', 'Giữ lại']","[16.7, 16.7, 10.0, 20.0, 16.7]",[],agent3,MockLLM,Không có,0,"['Giữ lại', 'Giữ lại', 'Giữ lại', 'Đóng góp', 'Giữ lại']","[16.7, 16.7, 10.0, 20.0, 16.7]",[],0.3,0.2,14
game_2,fr,True,5,5,False,agent1,MockLLM,Aucun,0,"['Garder', 'Garder', 'Garder', 'Garder', 'Contribuer']","[16.7, 16.7, 10.0, 16.7, 13.3]",[],agent2,MockLLM,Aucun,0,"['Garder', 'Contribuer', 'Garder', 'Garder', 'Contribuer']","[16.7, 6.7, 10.0, 16.7, 13.3]",[],agent3,MockLLM,Aucun,0,"['Contribuer', 'Garder', 'Garder', 'Contribuer', 'Garder']","[6.7, 16.7, 10.0, 6.7, 23.3]",[],0.3,0.2,14
game_3,it,True,5,5,False,agent1,MockLLM,Nessuno,0,"['Contribuire', 'Tenere', 'Tenere', 'Tenere', 'Tenere']","[20.0, 10.0, 16.7, 10.0, 10.0]",[],agent2,MockLLM,Nessuno,0,"['Contribuire', 'Tenere', 'Contribuire', 'Tenere', 'Tenere']","[20.0, 10.0, 6.7, 10.0, 10.0]",[],agent3,MockLLM,Nessuno,0,"['Contribuire', 'Tenere', 'Tenere', 'Tenere', 'Tenere']","[20.0, 10.0, 16.7, 10.0, 10.0]",[],0.3,0.2,14
game_4,cn,True,5,5,False,agent1,MockLLM,无,0,"['贡献', '保留', '贡献', '贡献', '贡献']","[6.7, 16.7, 13.3, 20.0, 13.3]",[],agent2,MockLLM,无,0,"['保留', '保留', '保留', '贡献', '贡献']","[16.7, 16.7, 23.3, 20.0, 13.3]",[],agent3,MockLLM,无,0,"['保留', '贡献', '贡献', '贡献', '保留']","[16.7, 6.7, 13.3, 20.0, 23.3]",[],0.3,0.2,14
game_5,ar,True,5,5,False,agent1,MockLLM,لا شيء,0,"['مساهمة', 'مساهمة', 'مساهمة', 'احتفاظ', 'مساهمة']","[20.0, 20.0, 13.3, 23.3, 13.3]",[],agent2,MockLLM,لا شيء,0,"['مساهمة', 'مساهمة', 'احتفاظ', 'مساهمة', 'مساهمة']","[20.0, 20.0, 23.3, 13.3, 13.3]",[],agent3,MockLLM,لا شيء,0,"['مساهمة', 'مساهمة', 'مساهمة', 'مساهمة', 'احتفاظ']","[20.0, 20.0, 13.3, 13.3, 23.3]",[],0.3,0.2,14
game_0,en,True,5,5,False,agent1,MockLLM,None,0,"['Keep', 'Keep', 'Keep', 'Keep', 'Contribute']","[16.7, 10.0, 16.7, 10.0, 13.3]",[],agent2,MockLLM,None,0,"['Keep', 'Keep', 'Contribute', 'Keep', 'Contribute']","[16.7, 10.0, 6.7, 10.0, 13.3]",[],agent3,MockLLM,None,0,"['Contribute', 'Keep', 'Keep', 'Keep', 'Keep']","[6.7, 10.0, 16.7, 10.0, 23.3]",[],0.3,0.3,15
game_1,vn,True,5,5,False,agent1,MockLLM,Không có,0,"['Giữ lại', 'Đóng góp', 'Đóng góp', 'Đóng góp', 'Giữ lại']","[16.7, 13.3, 20.0, 13.3, 16.7]",[],agent2,MockLLM,Không có,0,"['Giữ lại', 'Giữ lại', 'Đóng góp', 'Đóng góp', 'Đóng góp']","[16.7, 23.3, 20.0, 13.3, 6.7]",[],agent3,MockLLM,Không có,0,"['Đóng góp', 'Đóng góp', 'Đóng góp', 'Giữ lại', 'Giữ lại']","[6.7, 13.3, 20.0, 23.3, 16.7]",[],0.3,0.3,15
game_2,fr,True,5,5,False,agent1,MockLLM,Aucun,0,"['Contribuer', 'Garder', 'Garder', 'Contribuer', 'Garder']","[6.7, 16.7, 16.7, 13.3, 10.0]",[],agent2,MockLLM,Aucun,0,"['Garder', 'Contribuer', 'Contribuer', 'Contribuer', 'Garder']","[16.7, 6.7, 6.7, 13.3, 10.0]",[],agent3,MockLLM,Aucun,0,"['Garder', 'Garder', 'Garder', 'Garder', 'Garder']","[16.7, 16.7, 16.7, 23.3, 10.0]",[],0.3,0.3,15
game_3,it,True,5,5,False,agent1,MockLLM,Nessuno,0,"['Tenere', 'Contribuire', 'Tenere', 'Tenere', 'Contribuire']","[23.3, 6.7, 16.7, 10.0, 13.3]",[],agent2,MockLLM,Nessuno,0,"['Contribuire', 'Tenere', 'Contribuire', 'Tenere', 'Contribuire']","[13.3, 16.7, 6.7, 10.0, 13.3]",[],agent3,MockLLM,Nessuno,0,"['Contribuire', 'Tenere', 'Tenere', 'Tenere', 'Tenere']","[13.3, 16.7, 16.7, 10.0, 23.3]",[],0.3,0.3,15
game_5,ar,True,5,5,False,agent1,MockLLM,لا شيء,0,"['مساهمة', 'مساهمة', 'مساهمة', 'مساهمة', 'احتفاظ']","[20.0, 13.3, 6.7, 6.7, 10.0]",[],agent2,MockLLM,لا شيء,0,"['مساهمة', 'احتفاظ', 'احتفاظ', 'احتفاظ', 'احتفاظ']","[20.0, 23.3, 16.7, 16.7, 10.0]",[],agent3,MockLLM,لا شيء,0,"['مساهمة', 'مساهمة', 'احتفاظ', 'احتفاظ', 'احتفاظ']","[20.0, 13.3, 16.7, 16.7, 10.0]",[],0.3,0.3,15
game_4,cn,True,5,5,False,agent1,MockLLM,无,0,"['贡献', '贡献', '贡献', '保留', '保留']","[6.7, 13.3, 6.7, 16.7, 23.3]",[],agent2,MockLLM,无,0,"['保留', '保留', '保留', '贡献', '贡献']","[16.7, 23.3, 16.7, 6.7, 13.3]",[],agent3,MockLLM,无,0,"['保留', '贡献', '保留', '保留', '贡献']","[16.7, 13.3, 16.7, 16.7, 13.3]",[],0.3,0.3,15
